{
  "minecraft:recipes/redstone/stone_button": {
    "criteria": {
      "has_stone": "2020-05-23 21:36:15 +0900"
    },
    "done": true
  },
  "minecraft:recipes/building_blocks/stonebrick": {
    "criteria": {
      "has_stone": "2020-05-23 21:36:15 +0900"
    },
    "done": true
  },
  "minecraft:recipes/building_blocks/stone_slab": {
    "criteria": {
      "has_stone": "2020-05-23 21:36:15 +0900"
    },
    "done": true
  },
  "minecraft:recipes/redstone/stone_pressure_plate": {
    "criteria": {
      "has_stone": "2020-05-23 21:36:15 +0900"
    },
    "done": true
  },
  "rtm:lay_rail": {
    "criteria": {
      "lay_rail": "2020-05-23 21:40:37 +0900"
    },
    "done": true
  },
  "minecraft:adventure/adventuring_time": {
    "criteria": {
      "plains": "2020-05-23 21:20:53 +0900"
    },
    "done": false
  }
}